label,message
spam,Reminder: claim your unclaimed $500 refund now at bit.ly/claim-now before it's forfeited.
ham,"Hey, are we still on for lunch tomorrow at 10am?"
spam,"FREE entry to win a laptop! Text WIN to 60060 now, limited time offer!"
spam,Your loan of $5000 has been approved! No credit check. Call 07098765432 now.
ham,Did you finish the assignment on the project? I'm stuck on the last part.
spam,ALERT: Unusual activity on your account. Confirm your details at secure-verify.win immediately.
ham,"Hey, are we still on for coffee tomorrow at 10am?"
ham,"Don't forget mom's birthday is on Monday, we should plan something."
ham,"Don't forget mom's birthday is on Saturday, we should plan something."
spam,"You've been chosen for a FREE $500 gift card trial. No cost, no obligation. Visit bit.ly/claim-now."
spam,Reminder: claim your unclaimed $500 refund now at freegift-offer.com before it's forfeited.
ham,Can you pick up some the presentation on your way home?
spam,"Limited offer: Buy 1 get 1 FREE on iPhone 15. Shop now at secure-verify.win, today only!"
spam,LAST CHANCE: Claim your $5000 voucher before midnight. Reply YES to 90909.
ham,Can we reschedule our call to noon instead of the morning?
spam,Hot singles in your area want to chat NOW! Click secure-verify.win to meet them tonight.
ham,"Hey, are we still on for lunch tomorrow at 10am?"
ham,"Thanks for the help with the the presentation yesterday, really appreciated it."
spam,Congratulations! You've WON a smartwatch! Claim now by calling 09012345678 before it expires.
ham,"The groceries report is done, sending it over in a bit."
ham,"Reminder: rent is due on Friday, just wanted to flag it."
ham,"Don't forget mom's birthday is on Friday, we should plan something."
spam,"You've been chosen for a FREE cruise ticket trial. No cost, no obligation. Visit secure-verify.win."
ham,Can we reschedule our call to 10am instead of the morning?
ham,"The the presentation report is done, sending it over in a bit."
spam,URGENT: Your account will be suspended. Verify now at account-update.net to avoid charges.
ham,"Reminder: rent is due on Monday, just wanted to flag it."
ham,Did you finish the assignment on groceries? I'm stuck on the last part.
ham,Let's catch up over coffee sometime next week.
spam,Congratulations! You've WON a iPhone 15! Claim now by calling 08123456789 before it expires.
ham,"Running a bit late, will reach by 6:30pm, sorry about that."
ham,"Reminder: rent is due on Saturday, just wanted to flag it."
spam,ALERT: Unusual activity on your account. Confirm your details at freegift-offer.com immediately.
spam,ALERT: Unusual activity on your account. Confirm your details at bit.ly/claim-now immediately.
ham,"Running a bit late, will reach by 10am, sorry about that."
ham,"Reminder: rent is due on Monday, just wanted to flag it."
spam,Your subscription reward: a FREE iPhone 15 is waiting. Call 09876543210 within 24 hrs.
ham,Let's grab lunch this weekend if you're free.
ham,Did you finish the assignment on the project? I'm stuck on the last part.
ham,Can you pick up some the assignment on your way home?
spam,Congratulations! You've WON a cruise ticket! Claim now by calling 07098765432 before it expires.
ham,"Just landed, will call you once I get to the hotel."
ham,Let's grab a movie this weekend if you're free.
ham,Let's grab dinner this weekend if you're free.
ham,Can we reschedule our call to 6:30pm instead of the morning?
ham,"The the project report is done, sending it over in a bit."
ham,Let's catch up over coffee sometime next week.
spam,ALERT: Unusual activity on your account. Confirm your details at bit.ly/claim-now immediately.
spam,ALERT: Unusual activity on your account. Confirm your details at bit.ly/claim-now immediately.
ham,Let's catch up over dinner sometime next week.
ham,"The the project report is done, sending it over in a bit."
spam,WINNER!! As a valued customer you have been selected to receive a cruise ticket. Call 09012345678.
ham,"The the presentation report is done, sending it over in a bit."
spam,"You've been chosen for a FREE laptop trial. No cost, no obligation. Visit bit.ly/claim-now."
ham,"Running a bit late, will reach by 3pm, sorry about that."
ham,Can you pick up some milk on your way home?
spam,Your subscription reward: a FREE holiday package is waiting. Call 09012345678 within 24 hrs.
spam,Your subscription reward: a FREE $500 gift card is waiting. Call 09012345678 within 24 hrs.
ham,"Just landed, will call you once I get to the hotel."
spam,WINNER!! As a valued customer you have been selected to receive a $500 gift card. Call 09876543210.
spam,Your loan of $1000 has been approved! No credit check. Call 08123456789 now.
spam,URGENT: Your account will be suspended. Verify now at bit.ly/claim-now to avoid charges.
spam,"Get a FREE smartwatch just for signing up! Click account-update.net now, offer ends tonight."
ham,Happy Monday! Hope you have a great one.
spam,URGENT: Your account will be suspended. Verify now at account-update.net to avoid charges.
ham,Can we reschedule our call to 3pm instead of the morning?
ham,"Hey, are we still on for dinner tomorrow at 10am?"
spam,Reminder: claim your unclaimed $1000 refund now at account-update.net before it's forfeited.
spam,"You've been chosen for a FREE $500 gift card trial. No cost, no obligation. Visit bit.ly/claim-now."
spam,"Limited offer: Buy 1 get 1 FREE on cruise ticket. Shop now at account-update.net, today only!"
spam,"Get a FREE laptop just for signing up! Click secure-verify.win now, offer ends tonight."
ham,Let's catch up over coffee sometime next week.
ham,"Meeting got moved to 10am, see you in the conference room."
ham,Let's grab a walk this weekend if you're free.
spam,URGENT: Your account will be suspended. Verify now at freegift-offer.com to avoid charges.
spam,You have been selected for a $5000 cash reward! Call 07098765432 to claim TODAY.
ham,"Hey, are we still on for a movie tomorrow at 8pm?"
spam,Hot singles in your area want to chat NOW! Click secure-verify.win to meet them tonight.
ham,"Just landed, will call you once I get to the hotel."
spam,"Limited offer: Buy 1 get 1 FREE on iPhone 15. Shop now at secure-verify.win, today only!"
spam,Your loan of $5000 has been approved! No credit check. Call 08123456789 now.
ham,Happy Saturday! Hope you have a great one.
ham,Let's catch up over a movie sometime next week.
ham,"Thanks for the help with the milk yesterday, really appreciated it."
ham,"Thanks for the help with the groceries yesterday, really appreciated it."
spam,WINNER!! As a valued customer you have been selected to receive a smartwatch. Call 08123456789.
spam,You have been selected for a $5000 cash reward! Call 07098765432 to claim TODAY.
spam,You have been selected for a $1000 cash reward! Call 08123456789 to claim TODAY.
spam,URGENT: Your account will be suspended. Verify now at bit.ly/claim-now to avoid charges.
ham,"Just landed, will call you once I get to the hotel."
ham,Happy Saturday! Hope you have a great one.
spam,You have been selected for a $500 cash reward! Call 07098765432 to claim TODAY.
ham,Let's grab a walk this weekend if you're free.
ham,"Running a bit late, will reach by 3pm, sorry about that."
spam,"Get a FREE cruise ticket just for signing up! Click secure-verify.win now, offer ends tonight."
spam,"Limited offer: Buy 1 get 1 FREE on cruise ticket. Shop now at freegift-offer.com, today only!"
spam,"Limited offer: Buy 1 get 1 FREE on smartwatch. Shop now at bit.ly/claim-now, today only!"
ham,Did you finish the assignment on the project? I'm stuck on the last part.
spam,You have been selected for a $500 cash reward! Call 08123456789 to claim TODAY.
ham,"Thanks for the help with the milk yesterday, really appreciated it."
spam,You have been selected for a $5000 cash reward! Call 07098765432 to claim TODAY.
ham,Can we reschedule our call to noon instead of the morning?
spam,Hot singles in your area want to chat NOW! Click bit.ly/claim-now to meet them tonight.
ham,Can we reschedule our call to 10am instead of the morning?
spam,Congrats! Your number won $250 in our weekly draw. Text CLAIM to 90909.
spam,"You've been chosen for a FREE iPhone 15 trial. No cost, no obligation. Visit account-update.net."
spam,ALERT: Unusual activity on your account. Confirm your details at freegift-offer.com immediately.
ham,"The milk report is done, sending it over in a bit."
spam,"Limited offer: Buy 1 get 1 FREE on holiday package. Shop now at bit.ly/claim-now, today only!"
ham,Can you pick up some groceries on your way home?
spam,Hot singles in your area want to chat NOW! Click bit.ly/claim-now to meet them tonight.
ham,"Reminder: rent is due on Monday, just wanted to flag it."
spam,"Get a FREE cruise ticket just for signing up! Click account-update.net now, offer ends tonight."
spam,Congrats! Your number won $5000 in our weekly draw. Text CLAIM to 70070.
ham,"Meeting got moved to 10am, see you in the conference room."
ham,"Meeting got moved to noon, see you in the conference room."
spam,You have been selected for a $250 cash reward! Call 07098765432 to claim TODAY.
spam,You have been selected for a $1000 cash reward! Call 07098765432 to claim TODAY.
spam,Hot singles in your area want to chat NOW! Click bit.ly/claim-now to meet them tonight.
ham,Happy Saturday! Hope you have a great one.
spam,Congrats! Your number won $1000 in our weekly draw. Text CLAIM to 80888.
spam,Your subscription reward: a FREE iPhone 15 is waiting. Call 07098765432 within 24 hrs.
spam,You have been selected for a $1000 cash reward! Call 09012345678 to claim TODAY.
ham,Can you pick up some groceries on your way home?
spam,Reminder: claim your unclaimed $500 refund now at freegift-offer.com before it's forfeited.
ham,"Just landed, will call you once I get to the hotel."
ham,"Reminder: rent is due on Monday, just wanted to flag it."
spam,Reminder: claim your unclaimed $250 refund now at account-update.net before it's forfeited.
spam,"Get a FREE laptop just for signing up! Click freegift-offer.com now, offer ends tonight."
spam,ALERT: Unusual activity on your account. Confirm your details at account-update.net immediately.
ham,Let's grab dinner this weekend if you're free.
spam,Congrats! Your number won $5000 in our weekly draw. Text CLAIM to 60060.
ham,Did you finish the assignment on the assignment? I'm stuck on the last part.
spam,Your subscription reward: a FREE $500 gift card is waiting. Call 09012345678 within 24 hrs.
ham,"The groceries report is done, sending it over in a bit."
ham,"The milk report is done, sending it over in a bit."
ham,Can we reschedule our call to 6:30pm instead of the morning?
ham,"Just landed, will call you once I get to the hotel."
ham,"Hey, are we still on for a walk tomorrow at 10am?"
ham,"Running a bit late, will reach by 3pm, sorry about that."
ham,"The milk report is done, sending it over in a bit."
spam,LAST CHANCE: Claim your $1000 voucher before midnight. Reply YES to 60060.
spam,Congratulations! You've WON a laptop! Claim now by calling 08123456789 before it expires.
ham,Happy Saturday! Hope you have a great one.
ham,"Reminder: rent is due on Friday, just wanted to flag it."
spam,Congratulations! You've WON a cruise ticket! Claim now by calling 09012345678 before it expires.
spam,Congratulations! You've WON a iPhone 15! Claim now by calling 07098765432 before it expires.
spam,"FREE entry to win a laptop! Text WIN to 90909 now, limited time offer!"
spam,Congrats! Your number won $250 in our weekly draw. Text CLAIM to 80888.
spam,ALERT: Unusual activity on your account. Confirm your details at freegift-offer.com immediately.
spam,Your subscription reward: a FREE holiday package is waiting. Call 08123456789 within 24 hrs.
ham,"Don't forget mom's birthday is on Saturday, we should plan something."
spam,You have been selected for a $5000 cash reward! Call 08123456789 to claim TODAY.
ham,"Reminder: rent is due on Friday, just wanted to flag it."
spam,You have been selected for a $5000 cash reward! Call 09876543210 to claim TODAY.
spam,Your loan of $500 has been approved! No credit check. Call 09876543210 now.
ham,"I sent you the notes for the presentation, let me know if it makes sense."
spam,"Limited offer: Buy 1 get 1 FREE on iPhone 15. Shop now at account-update.net, today only!"
spam,URGENT: Your account will be suspended. Verify now at freegift-offer.com to avoid charges.
spam,Your loan of $500 has been approved! No credit check. Call 09876543210 now.
ham,"Running a bit late, will reach by noon, sorry about that."
spam,Your subscription reward: a FREE cruise ticket is waiting. Call 08123456789 within 24 hrs.
spam,ALERT: Unusual activity on your account. Confirm your details at account-update.net immediately.
spam,Your subscription reward: a FREE iPhone 15 is waiting. Call 08123456789 within 24 hrs.
spam,Your subscription reward: a FREE cruise ticket is waiting. Call 08123456789 within 24 hrs.
ham,"Reminder: rent is due on Friday, just wanted to flag it."
ham,Let's grab a movie this weekend if you're free.
spam,You have been selected for a $1000 cash reward! Call 09012345678 to claim TODAY.
spam,"FREE entry to win a cruise ticket! Text WIN to 90909 now, limited time offer!"
spam,Your subscription reward: a FREE cruise ticket is waiting. Call 07098765432 within 24 hrs.
spam,Your loan of $5000 has been approved! No credit check. Call 08123456789 now.
spam,Hot singles in your area want to chat NOW! Click freegift-offer.com to meet them tonight.
spam,"You've been chosen for a FREE iPhone 15 trial. No cost, no obligation. Visit secure-verify.win."
ham,"The the project report is done, sending it over in a bit."
spam,"FREE entry to win a holiday package! Text WIN to 60060 now, limited time offer!"
ham,Let's catch up over dinner sometime next week.
ham,"Just landed, will call you once I get to the hotel."
ham,Let's catch up over a walk sometime next week.
spam,Hot singles in your area want to chat NOW! Click secure-verify.win to meet them tonight.
ham,"Don't forget mom's birthday is on Monday, we should plan something."
ham,"Don't forget mom's birthday is on Friday, we should plan something."
spam,Congratulations! You've WON a $500 gift card! Claim now by calling 09012345678 before it expires.
spam,"You've been chosen for a FREE iPhone 15 trial. No cost, no obligation. Visit account-update.net."
ham,"The the assignment report is done, sending it over in a bit."
spam,"Get a FREE $500 gift card just for signing up! Click secure-verify.win now, offer ends tonight."
spam,"You've been chosen for a FREE smartwatch trial. No cost, no obligation. Visit bit.ly/claim-now."
ham,"Running a bit late, will reach by 3pm, sorry about that."
spam,Hot singles in your area want to chat NOW! Click secure-verify.win to meet them tonight.
ham,"Reminder: rent is due on Friday, just wanted to flag it."
ham,"Thanks for the help with the the project yesterday, really appreciated it."
ham,"Running a bit late, will reach by 8pm, sorry about that."
spam,Your loan of $500 has been approved! No credit check. Call 09012345678 now.
spam,Hot singles in your area want to chat NOW! Click secure-verify.win to meet them tonight.
ham,Did you finish the assignment on the project? I'm stuck on the last part.
ham,"Running a bit late, will reach by 10am, sorry about that."
ham,"Just landed, will call you once I get to the hotel."
ham,"Reminder: rent is due on the 5th, just wanted to flag it."
ham,Happy the 5th! Hope you have a great one.
spam,Your subscription reward: a FREE iPhone 15 is waiting. Call 07098765432 within 24 hrs.
ham,"I sent you the notes for the project, let me know if it makes sense."
spam,"FREE entry to win a laptop! Text WIN to 90909 now, limited time offer!"
spam,"You've been chosen for a FREE holiday package trial. No cost, no obligation. Visit account-update.net."
ham,Happy Monday! Hope you have a great one.
spam,"Limited offer: Buy 1 get 1 FREE on holiday package. Shop now at bit.ly/claim-now, today only!"
spam,ALERT: Unusual activity on your account. Confirm your details at freegift-offer.com immediately.
ham,"Meeting got moved to noon, see you in the conference room."
ham,Can we reschedule our call to 3pm instead of the morning?
ham,"Hey, are we still on for a walk tomorrow at 8pm?"
spam,Your subscription reward: a FREE iPhone 15 is waiting. Call 07098765432 within 24 hrs.
spam,Congratulations! You've WON a cruise ticket! Claim now by calling 08123456789 before it expires.
spam,Congratulations! You've WON a smartwatch! Claim now by calling 09876543210 before it expires.
ham,"Don't forget mom's birthday is on Saturday, we should plan something."
spam,"FREE entry to win a holiday package! Text WIN to 70070 now, limited time offer!"
ham,"Running a bit late, will reach by 3pm, sorry about that."
ham,Did you finish the assignment on milk? I'm stuck on the last part.
spam,Congratulations! You've WON a cruise ticket! Claim now by calling 08123456789 before it expires.
ham,"Reminder: rent is due on the 5th, just wanted to flag it."
ham,"Thanks for the help with the the project yesterday, really appreciated it."
ham,"Thanks for the help with the the project yesterday, really appreciated it."
ham,Let's grab lunch this weekend if you're free.
spam,Your loan of $5000 has been approved! No credit check. Call 09012345678 now.
ham,Can we reschedule our call to 6:30pm instead of the morning?
spam,URGENT: Your account will be suspended. Verify now at secure-verify.win to avoid charges.
ham,Did you finish the assignment on the presentation? I'm stuck on the last part.
ham,Let's catch up over a movie sometime next week.
spam,Your loan of $250 has been approved! No credit check. Call 09876543210 now.
ham,Can we reschedule our call to noon instead of the morning?
ham,"Just landed, will call you once I get to the hotel."
ham,Did you finish the assignment on the assignment? I'm stuck on the last part.
spam,Congratulations! You've WON a smartwatch! Claim now by calling 09012345678 before it expires.
spam,ALERT: Unusual activity on your account. Confirm your details at freegift-offer.com immediately.
spam,Reminder: claim your unclaimed $1000 refund now at account-update.net before it's forfeited.
ham,"Meeting got moved to 8pm, see you in the conference room."
ham,"Thanks for the help with the the presentation yesterday, really appreciated it."
ham,Can we reschedule our call to 3pm instead of the morning?
ham,"I sent you the notes for milk, let me know if it makes sense."
spam,Hot singles in your area want to chat NOW! Click bit.ly/claim-now to meet them tonight.
spam,"Get a FREE $500 gift card just for signing up! Click secure-verify.win now, offer ends tonight."
spam,You have been selected for a $500 cash reward! Call 09012345678 to claim TODAY.
spam,You have been selected for a $500 cash reward! Call 08123456789 to claim TODAY.
